{
    "rmse_on_private_solution_dl": 39.96521925374613,
    "rmse_on_public_solution_dl": 40.88608412406353
}