{
    "rmse_on_private_solution": 38.85051479710404,
    "rmse_on_public_solution": 38.26980696319227
}