{
    "rmse_on_private_solution_dl": 38.951171355942556,
    "rmse_on_public_solution_dl": 36.55496717273864
}