{
    "rmse_on_private_solution": 37.04047617134531,
    "rmse_on_public_solution": 39.82736182575994
}